뎞,듥,꺊넵놟,,꽌뀰껮V,2020/5/24 19:40
2깵12,낸,26,,,
2깵13,뒞,47,,,
2깵14,,86,,,
2깵15,늧,25,,,
2깵16,,20,,,
2깵17,깵,166,,,
2깵18,괉,150,,,
2깵19,낸,147,,,
2깵20,뒞,148,,,
2깵21,,130,,,
2깵22,늧,58,,,
2깵23,,56,,,
2깵24,깵,61,,,
2깵25,괉,300,,,
2깵26,낸,271,,,
2깵27,뒞,243,,,
2깵28,,221,,,
2깵29,늧,104,,,
3깵1,,81,,,
3깵2,깵,268,,,
3깵3,괉,261,,,
3깵4,낸,257,,,
3깵5,뒞,225,,,
3깵6,,251,,,
3깵7,늧,123,,,
3깵8,,231,,,
3깵9,깵,654,,,
3깵10,괉,436,,,
3깵11,낸,342,,,
3깵12,뒞,313,,,
3깵13,,406,,,
3깵14,늧,158,,,
3깵15,,215,,,
3깵16,깵,618,,,
3깵17,괉,509,,,
3깵18,낸,354,,,
3깵19,뒞,377,,,
3깵20,,118,,,
3깵21,늧,100,,,
3깵22,,73,,,
3깵23,깵,398,,,
3깵24,괉,301,,,
3깵25,낸,399,,,
3깵26,뒞,386,,,
3깵27,,486,,,
3깵28,늧,201,,,
3깵29,,158,,,
3깵30,깵,796,,,
3깵31,괉,653,,,
4깵1,낸,927,,,
4깵2,뒞,798,,,
4깵3,,755,,,
4깵4,늧,381,,,
4깵5,,247,,,
4깵6,깵,1104,,,
4깵7,괉,806,,,
4깵8,낸,832,,,
4깵9,뒞,773,,,
4깵10,,851,,,
4깵11,늧,412,,,
4깵12,,470,,,
4깵13,깵,1245,,,
4깵14,괉,1028,,,
4깵15,낸,953,,,
4깵16,뒞,951,,,
4깵17,,910,,,
4깵18,늧,484,,,
4깵19,,464,,,
4깵20,깵,1035,,,
4깵21,괉,779,,,
4깵22,낸,760,,,
4깵23,뒞,665,,,
4깵24,,805,,,
4깵25,늧,353,,,
4깵26,,314,,,
4깵27,깵,695,,,
4깵28,괉,595,,,
4깵29,낸,345,,,
4깵30,뒞,604,,,
5깵1,,502,,,
5깵2,늧,320,,,
5깵3,,275,,,
5깵4,깵,335,,,
5깵5,괉,286,,,
5깵6,낸,326,,,
5깵7,뒞,508,,,
5깵8,,334,,,
5깵9,늧,260,,,
5깵10,,208,,,
5깵11,깵,421,,,
5깵12,괉,278,,,
5깵13,낸,317,,,
5깵14,뒞,317,,,
5깵15,,260,,,
5깵16,늧,164,,,
5깵17,,98,,,
5깵18,깵,328,,,
5깵19,괉,190,,,
5깵20,낸,179,,,
5깵21,뒞,138,,,
5깵22,,156,,,
5깵23,늧,131,,,
